scenario,population_size_0,population_size_1,population_size_2,population_size_3,population_size_4,population_size_5,population_size_6,population_size_7,population_size_8,population_size_9,population_size_10,population_size_11,population_size_12,population_size_13,population_size_14,population_size_15,population_size_16,population_size_17,population_size_18,population_size_19,population_size_20,recombination_rate
0,256,1910,3101,2774,2371,1393,5376,42280,29080,48502,18640,30372,58050,28382,19441,5447,622,503,1739,16933,23938,3.1751202e-09
7,28335,68758,67355,23966,55808,14662,22111,45629,76360,56632,11641,47935,95497,15809,5814,8940,10981,2979,1223,1582,198,8.693152e-09
10,990,8346,1384,2730,2589,12829,15540,7224,6382,47407,6109,3618,6839,4027,2238,2558,355,486,4637,31475,4166,9.7794395e-09
11,10755,92917,19631,7172,23070,42981,21380,26907,37351,4326,9731,30167,56372,26335,2658,6718,6408,58266,9900,3271,8484,4.618643e-09
17,95766,89837,58319,13115,3477,4646,4691,1573,7832,40465,36496,43923,8192,11000,3634,1394,807,170,318,136,105,6.9500397e-09
23,76763,96442,10004,17625,4630,20259,28519,8654,61325,14118,4003,803,665,1660,5684,25469,5155,11430,36034,29759,74291,2.8143345e-09
25,27160,39954,70320,19511,6202,59732,34035,5696,4140,5240,18030,2595,2258,1247,3055,8804,1068,426,3377,17194,92576,3.5182097e-09
26,18708,16000,45561,71761,46728,8636,57675,15971,2894,1977,220,582,1514,1786,11817,49494,13336,13641,90829,27389,22319,4.988169e-09
28,99251,11277,6891,11910,13699,38756,90558,12122,57574,47324,12224,9014,11081,92377,17439,2661,641,5607,3259,1831,643,4.350619e-09
29,64430,48360,43248,9110,52832,17657,59057,14829,1654,14160,3071,538,446,3890,404,3337,1581,5910,7491,8073,33229,3.2516088e-09
31,33118,3670,33914,13855,46093,24559,12968,30437,3859,7035,6669,4883,7485,9593,23832,69308,38833,53254,25856,44891,33531,2.0929458e-09
32,59788,15448,57504,32857,11249,14746,71386,17658,3063,1448,355,454,4167,3174,16963,1926,3247,444,253,60,10,1.8972215e-09
34,1442,8253,82505,34534,28548,72569,18587,28636,98136,66180,15636,10140,87015,28493,3763,30275,4352,42032,4905,509,53,8.073959e-09
38,1537,362,198,1490,2896,1289,6721,4245,12409,2622,11960,27401,3197,11187,79055,14820,7880,18276,51043,42528,11028,8.013331e-09
45,22762,3786,20251,54861,28621,34003,12713,67727,8103,32920,75006,51149,43422,12745,51585,13675,3369,576,2573,1342,6441,4.940347e-09
50,381,1918,1781,5260,1881,1619,4889,7486,30646,27695,59210,37073,21264,37900,20652,8177,2648,25974,17585,54132,8227,1.1209285e-09
53,6739,38011,83623,62751,98738,52124,75811,61599,69882,17456,3390,2372,467,3340,23488,57897,50359,15252,44238,70943,17037,7.11998e-09
54,332,259,374,2248,14802,19690,2547,10159,6910,22076,23467,37047,35850,27105,9318,44650,10306,25489,46273,31183,64746,3.947179e-09
55,47,426,1167,919,8827,78728,28779,29691,13546,40574,37770,43080,19342,30792,7171,4475,28159,15110,11548,64126,94765,2.1410975e-09
62,6941,5797,50429,81254,76339,16462,29186,73902,66832,88496,12958,2345,478,52,21,37,237,188,30,61,26,5.1990416e-09
64,51437,5177,7129,1187,6405,45805,34102,40292,9344,9551,7956,2512,335,451,1486,1104,118,23,30,77,110,1.0931102e-09
67,19417,30678,29117,7143,3514,7201,43539,11417,54462,8967,54788,33757,28401,4424,456,326,95,297,72,343,3013,7.542164e-09
68,57336,47161,73313,89697,20245,72787,12121,1654,440,1334,800,6395,5872,1040,7224,7102,67425,10164,1098,3518,2139,4.989816e-09
74,3931,966,8681,63395,24974,9025,19652,5951,5287,2553,957,1301,8743,1729,16419,26517,17513,44912,37730,42805,5853,6.3069825e-09
77,8572,52610,34143,20357,58043,84649,16144,19717,7675,21534,4804,3076,439,271,290,412,2087,9336,31462,24464,88010,6.776626e-09
78,25184,58181,68125,59098,15688,54987,45632,29973,26984,3009,1091,2468,370,410,72,490,683,638,864,416,292,7.740083e-09
80,1043,561,2989,17066,36786,26544,29629,4885,17411,12848,10803,42734,52255,9537,12621,9696,9662,1226,318,52,35,3.0376364e-09
83,53414,10688,29817,31366,81466,31572,8770,82569,96827,11487,29107,5172,18486,44465,77371,28649,67569,39246,69033,11353,11810,8.446149e-09
84,9378,12274,1521,225,1378,2450,474,2510,6707,28584,59520,15818,9921,7549,9338,11866,12961,9365,4909,567,226,7.941975e-09
91,78518,38125,5809,34220,24858,13709,12793,67861,60975,32260,8168,8292,68100,9949,13316,17614,21048,4573,741,3374,25692,6.815879e-09
92,95809,31385,75987,82932,18637,59942,22304,4279,1317,7241,878,3228,595,2224,814,5780,2899,493,2128,458,3312,3.6968135e-09
96,12860,26181,5945,9835,20865,83631,17841,61550,20384,17595,71469,32246,37672,4994,15209,74015,53811,8029,15392,16698,29168,7.433315e-09
97,35364,11458,2726,19249,11167,4351,1622,7449,6494,34766,14895,15518,27336,11605,75327,78729,8074,4393,919,311,335,7.3665283e-09
104,643,294,437,366,3322,2495,8336,46938,43123,8471,34309,90003,16510,8828,5335,35689,13926,97467,15383,43799,11150,2.0780373e-09
107,2900,13976,7725,1816,5668,19446,12029,39132,21352,17528,7437,39705,9916,88096,22299,64122,85976,30894,14050,82309,72680,1.9552715e-09
110,29064,70219,30058,13153,12889,6994,32711,5331,15518,93696,77200,11297,12065,96903,19307,19710,3571,24678,12814,10177,68437,1.9638535e-09
119,2029,9723,51599,31352,7808,29911,14728,51545,46436,6223,4765,37055,23812,2738,3299,1762,634,2395,448,856,446,1.6724533e-09
120,40488,9887,1786,3388,27402,23627,9099,85566,52747,11127,19293,27796,8025,5486,47822,43940,9389,69600,72258,88787,12648,7.3957227e-09
122,32688,5350,47682,11743,1202,4510,6051,17664,4751,4315,2052,1121,615,187,78,557,471,401,104,320,3140,8.838879e-09
126,2916,15791,14208,26922,6615,1501,7466,24792,25924,7705,7290,16811,4492,14629,8763,5969,17310,4307,6011,635,391,5.533874e-09
127,44758,10096,31260,21654,26259,43893,17390,7376,2948,2793,397,1451,292,67,36,10,44,102,158,602,273,1.0550539e-09
128,10076,27052,6177,34718,76023,37516,78636,23349,19727,61300,36335,36702,52131,54898,7376,2597,12113,73464,53475,12895,38429,1.1123544e-09
130,5995,14336,11391,5043,12896,10627,2189,3018,6133,2887,5981,789,296,58,15,99,39,43,18,15,40,9.238487e-09
131,19506,10746,94332,17694,34124,3731,22510,27543,6619,800,1424,577,1591,217,42,23,89,20,81,28,270,3.5922003e-09
132,92105,81803,19611,5174,3617,6193,25149,85657,56536,11407,37784,35212,49107,12012,2611,2132,713,6083,8824,30012,63329,4.3632005e-09
133,37456,35441,21090,73628,29946,72716,73403,33703,58341,64189,12205,15667,6425,4676,1477,6639,956,395,3012,5819,5392,2.0361566e-09
142,21332,3144,2625,12164,30069,5540,3637,6155,7487,8453,19215,26179,9301,2500,622,859,409,2073,3924,762,456,5.9333694e-09
146,49209,13416,23108,21847,79603,97812,31743,6326,944,1478,151,484,817,4045,1110,930,6358,59958,10656,5611,681,5.282239e-09
149,2462,11178,20057,8603,3318,6423,1085,7089,2736,3418,5049,28853,18509,50810,65642,9343,1188,634,622,117,350,4.183635e-09
151,4629,45908,97973,44006,43885,86716,17889,18204,4837,612,97,817,648,3273,748,4092,2074,7384,913,2379,6999,7.116978e-09
155,26764,62902,43764,96708,40674,89399,13230,53936,11648,35544,83631,73986,53371,44244,14553,22694,48737,11760,4452,605,214,3.4411753e-09
164,39748,10900,55732,78717,26633,6691,47882,25745,54865,6379,32764,16751,33505,6257,809,4514,1462,7839,4451,2183,5875,8.5868885e-09
168,490,401,1800,462,2751,15126,51147,58107,7455,7506,21709,23873,26369,28575,5183,6632,2579,566,3301,732,414,5.216758e-09
170,57274,27320,20756,25279,27120,48182,68742,20240,4816,6175,10406,1245,413,2634,448,174,1370,2916,3319,2011,3715,6.7344614e-09
172,22773,18133,66713,10859,20819,41910,75787,28183,5090,2373,6377,2390,5417,1887,1845,17655,2389,1232,9462,29710,33335,2.4534927e-09
178,5136,5882,4285,3292,3814,24741,9097,2703,23942,5420,2814,1928,14137,2563,17155,2317,759,140,15,59,10,1.6180265e-09
182,57071,89898,28430,80878,97347,14789,41775,5818,813,97,129,123,46,283,1287,759,5972,13128,48739,14704,4187,4.693202e-09
184,28849,17666,15399,67234,10452,71684,11440,5571,1126,11069,1271,378,362,78,23,61,133,297,288,50,36,4.6603494e-09
186,12161,15138,94412,50328,32194,19847,12599,1679,3658,529,668,211,180,212,28,110,122,60,173,761,1900,6.9569293e-09
190,3500,28839,10031,67316,29132,92669,36312,69877,12352,3100,4433,38511,43233,29270,4960,918,710,86,12,11,61,5.6371268e-09
194,308,1161,5944,6155,17436,3784,29489,31320,3141,13763,13571,10391,89341,95446,11228,7476,8090,36551,10424,5164,5929,1.7399319e-09
198,4307,5609,2888,4302,5897,1908,12883,39064,16371,91776,91793,15259,86790,58597,7478,2150,21369,2866,3089,3663,1627,2.5334606e-09
206,12665,11481,45811,14801,89553,20933,75524,27059,3854,428,43,10,32,61,136,866,286,97,502,1082,653,1.3244061e-09
207,42125,21199,37848,77627,29979,67970,40738,71451,45860,5121,15114,40511,62697,10064,82495,18198,12381,88437,17698,1772,411,9.356241e-09
219,2184,4938,26507,5877,58651,27854,75732,60141,64838,8549,76717,40993,44853,94604,14126,5012,49377,11941,36805,10414,1221,9.05526e-09
223,1502,2837,4535,10831,67466,48766,56307,6419,6749,1287,1055,1100,8707,79825,45547,36488,4658,3607,495,177,329,7.1253745e-09
229,48892,42548,22177,30792,32453,38484,11826,50835,74844,22617,48287,28945,4786,683,662,665,75,745,574,635,4683,8.108664e-09
235,25260,11134,9585,27351,10100,10173,1939,9579,7303,1125,892,1542,437,107,158,103,240,92,67,30,36,1.8055751e-09
237,2844,25614,21720,8413,24926,2964,3621,6905,6675,31580,6091,616,1728,15841,55830,7544,16150,24507,4634,1560,431,2.7652443e-09
241,57761,16049,2896,1085,4029,16864,13823,2073,19385,18235,13833,78980,12793,3336,13751,58953,30081,31063,10735,70349,15603,1.921305e-09
244,462,3273,4960,4774,1794,8046,13613,15060,27590,59274,27246,39986,47859,11811,22792,37602,7588,3673,4214,9299,19204,1.2311463e-09
246,11006,74425,16013,9265,4759,6972,58617,72789,7844,40266,72384,29450,58978,39306,41205,20086,13104,2572,1146,801,4419,9.787036e-09
248,29516,46225,14605,23953,8369,62140,34719,78372,9046,6611,686,2277,293,36,11,76,75,115,897,270,437,1.2292473e-09
250,41138,22687,34901,14442,13034,4315,38754,6078,5902,10853,65774,27902,9470,6120,19873,2915,5465,3387,6763,12992,7853,1.8455062e-09
253,18236,3424,21507,2920,1933,11996,35039,42247,35224,13187,48526,90498,9779,13221,4901,1237,1226,641,942,807,1719,6.856436e-09
257,12394,12369,11288,7496,61729,25484,91001,10488,5622,5900,8312,80641,91135,39088,35027,62206,41934,65064,15507,12195,1861,3.1082816e-09
259,6355,4536,9378,2831,21108,4465,31848,3779,3918,5772,845,5675,3561,33827,11950,6144,45980,5692,24040,9387,10993,3.1534437e-09
262,210,508,2716,10478,94276,16554,57011,53465,86097,34687,91851,9222,2607,4212,1225,429,292,395,877,218,56,7.2729343e-09
269,3730,5346,11377,9725,57345,22725,7008,15441,2750,624,91,19,27,31,97,169,529,1191,1039,267,758,2.024489e-09
271,12977,10070,13656,8579,11476,61109,35037,59854,20960,3907,22830,8172,1162,286,864,6418,1590,1549,1196,873,549,1.4916982e-09
273,10043,4520,11372,12367,24072,64995,15130,10120,14663,13288,33693,4475,1030,109,222,1458,1881,17888,30517,22251,9505,5.8161835e-09
278,14107,12532,89300,15899,22099,35323,38769,5354,1736,801,137,755,422,1248,561,838,7042,765,2496,23847,5538,2.0532207e-09
283,95782,75687,28577,20759,3392,16902,37953,45049,8380,5544,5850,7819,849,1626,12062,23568,3662,2233,18881,4270,8700,3.7147387e-09
287,51748,14382,6498,39842,27279,11246,66497,12428,39230,21438,4688,2084,2067,8135,3596,23143,22078,29444,29612,8979,71515,8.798184e-09
293,68892,9367,2368,1524,10878,2362,8881,3129,16633,4119,11461,7802,15118,9006,1947,1130,1033,2058,1396,2292,277,3.8847396e-09
298,33718,8009,66701,28302,53254,10104,19074,17486,1818,739,118,348,2510,5218,683,303,256,1451,384,1139,355,5.0641553e-09
302,5458,10673,7424,2171,518,603,717,4787,3239,6941,22108,41153,13893,69487,9969,1423,428,90,589,1909,3249,5.013704e-09
304,37671,6993,3381,32045,27683,11751,33099,35426,17521,4643,1916,1140,3830,2701,617,502,662,1844,258,108,205,7.820547e-09
312,2743,7182,37555,7801,14116,2959,443,4098,1715,7648,22473,35824,42282,39636,21919,4551,3642,5817,12944,2547,9602,4.7403823e-09
314,2526,5036,36578,31695,19699,3749,2910,14307,7423,10359,2161,4734,14757,29107,64314,11239,8043,9319,1251,2297,7611,7.857926e-09
323,503,3904,2294,4175,17462,4344,6222,17537,59050,38250,6803,2429,1387,1970,1288,7614,3302,873,805,4421,6997,6.095865e-09
327,70036,11770,17540,31026,5465,978,5787,4503,32347,17454,3653,12838,44772,65794,6949,892,7662,30408,13059,83171,40252,1.8197726e-09
330,14651,29419,80446,42906,50879,36562,38046,14235,20645,35283,47241,5190,23504,4648,575,205,1049,2636,18156,2205,466,6.37411e-09
332,7199,3999,2419,4939,1937,2017,8464,3547,6752,16892,3070,12896,1677,1015,4229,32137,12403,56250,29080,32654,54084,1.527636e-09
335,3735,5113,4019,11774,92992,53588,39687,53783,43363,15438,5496,27510,2996,18242,3185,14505,6557,12377,43439,10785,2914,6.629835e-09
336,1090,1439,6242,5079,1336,5338,9495,71529,20834,43008,7466,18180,22599,4347,10061,13168,34543,26968,3214,10626,56355,2.867795e-09
338,63395,20122,20971,14885,52542,47062,5590,22906,35255,37548,42039,60246,6700,35418,62328,12332,1722,4562,5643,41005,55098,7.73986e-09
347,6533,21711,25466,11015,8913,11828,24569,30429,13015,45458,4599,22175,4544,27731,18104,4080,1268,1010,347,119,299,4.3597486e-09
350,8083,8540,11468,45823,39860,28752,31598,34294,8002,1977,3942,19327,8133,29245,9620,1904,650,106,206,59,14,8.115668e-09
351,793,6404,33440,83262,65663,26164,14695,31020,8376,2591,2476,6874,8488,1060,1196,662,1196,333,38,84,156,9.980582e-09
357,272,1588,11927,12737,24902,2634,3821,14159,19892,4710,35092,59519,32499,57899,10783,3025,508,1847,8823,1232,789,3.2400802e-09
364,15752,14968,2631,14375,1650,1815,5599,636,3224,27523,27294,70510,11565,39547,33980,8456,2101,5574,8442,24950,36590,4.632446e-09
365,211,62,179,752,6538,28179,19578,15520,17319,77814,20986,28484,41791,14969,22999,19421,4996,8310,10105,12976,15285,6.9918538e-09
366,2642,15107,22915,14110,8408,5837,4903,7988,3408,12781,8459,5132,20241,21821,2986,1236,569,116,102,51,45,2.926031e-09
367,16526,8704,3012,1832,11584,19072,43179,7889,24682,91663,44476,5085,8985,2722,561,754,3958,572,1310,3336,16780,3.4895073e-09
370,66765,33278,55544,63260,41603,51043,35910,5604,13395,94042,19971,10665,4804,1624,624,745,1948,5424,1152,2098,1804,2.2134103e-09
373,26383,38847,8382,1251,2566,3833,12828,32581,22482,7657,841,249,1700,580,2051,1571,1184,1046,9552,1245,2133,6.231315e-09
377,258,1714,5254,7227,47017,11912,6776,10095,4158,3535,3262,7699,9078,19123,5990,766,170,27,46,14,18,2.6727731e-09
378,6570,14948,4345,35307,4012,1775,15470,1643,3455,12967,27140,92114,11079,2024,5910,9896,2585,982,378,52,32,2.1150377e-09
379,36194,26760,4520,3852,11234,15085,33314,76033,65097,25184,3034,654,549,3588,687,3211,8299,42640,65418,24426,3815,9.705945e-09
383,731,2996,1557,2500,7492,8367,7006,13123,8072,1988,8452,1248,1201,2169,593,1790,230,168,159,61,35,5.969699e-09
387,52421,19348,22660,7127,37310,4538,787,972,3265,1555,15075,62100,26138,31766,82661,27158,7210,7669,74990,39719,23845,8.438784e-09
388,99818,39210,15109,42515,60902,6343,53269,38900,71869,19770,80430,11017,12763,23560,8097,1152,3746,4833,9003,21685,39293,2.2012783e-09
390,8054,14116,23016,50163,24350,74637,98405,35020,11038,59080,12530,94426,56758,53670,46523,66740,21404,77745,75528,43568,4430,3.5878278e-09
391,32436,87170,52081,6310,16760,57305,10089,52544,10980,59500,41444,7508,12629,9366,3002,448,290,133,304,364,3162,8.4195895e-09
395,9968,3372,9542,24915,16340,4139,3240,27573,20526,3952,1396,149,586,805,287,53,412,258,1169,2780,1347,8.445747e-09
406,4922,2165,4875,14808,6090,4752,2207,20823,2492,15671,82299,15068,3675,11607,60524,39112,31032,86285,86734,27009,53757,2.381062e-09
413,81953,18533,74135,74355,8143,26576,39427,23053,17065,12374,2114,360,394,137,145,112,175,156,153,18,14,1.4180223e-09
415,9321,43618,4686,982,759,1045,735,3013,23062,63537,30815,16745,83466,10461,1291,211,29,15,112,707,846,1.8011125e-09
418,3622,4822,3747,22059,88950,57529,9327,35282,23702,4083,8839,4621,23019,38718,4625,2052,9494,82713,14410,2262,296,6.030613e-09
419,2737,8092,3663,4812,2662,456,609,6019,11904,12740,14427,47493,54371,78102,66070,7534,5237,841,6041,2549,2690,4.564667e-09
421,53868,19430,81130,14361,1702,870,4195,2895,21605,38519,19379,96103,95888,14312,1509,2224,2496,13197,64479,16140,3996,2.412686e-09
422,8291,8087,44981,62123,16109,27268,67309,15458,30794,92319,22999,89866,11600,2915,3784,3898,1265,668,6411,14758,8120,7.2483e-09
426,6570,12875,76940,61661,71297,76088,8305,6732,1243,148,267,632,498,463,592,2122,16611,9257,18632,11989,50149,9.0717664e-09
432,63599,6778,9319,79469,38891,97403,60470,78708,90016,53465,6654,3442,3131,13834,55442,25137,43161,15434,22755,7701,6102,4.920835e-09
435,2642,9501,92976,19871,8282,20393,75087,84603,8795,933,96,23,21,178,324,85,236,48,133,1155,264,2.3840503e-09
437,561,1352,3456,1917,1898,4829,36823,28534,17394,4706,7404,5640,602,304,2370,1605,984,187,721,425,250,5.7564025e-09
438,5209,39098,44642,24608,7276,11757,19067,60483,9685,1385,361,204,127,76,76,16,68,10,18,11,115,1.5480011e-09
442,8155,56792,22147,2258,1185,1459,8230,2084,19029,63943,33578,10366,41327,7924,19938,81259,21118,7748,4372,1144,10921,3.6310297e-09
444,30726,38695,61382,8879,13680,10703,4559,24424,41633,97972,20081,4775,39403,26528,4601,581,135,14,75,10,25,8.037189e-09
449,6487,34351,3968,632,3893,3471,2510,1435,1516,6084,26890,44856,10192,26845,31599,77441,11550,4112,33766,16880,6156,5.820147e-09
457,8774,28669,79617,65072,11349,50150,25832,28462,12491,3933,15250,52956,12855,3073,6907,1341,562,260,2327,10331,18178,9.027839e-09
461,1000,3365,7515,67201,46813,52131,34682,36058,4882,5867,3510,691,248,92,43,18,119,104,149,25,22,8.590599e-09
465,6241,5631,17072,11036,47776,74014,15105,2885,4288,23378,45145,9522,2880,532,135,58,383,1999,631,103,104,1.6870408e-09
467,5203,7535,2105,11739,64511,10302,36251,22538,2493,6447,39433,5728,10361,2357,19663,5106,12570,1795,1399,161,104,1.5122836e-09
469,164,1389,3144,9512,31865,7555,36891,23070,5490,5308,11007,68023,17370,1772,1245,1246,9023,1524,6638,767,3234,4.706676e-09
475,93675,85438,30455,5212,43576,37197,26261,39581,45949,98473,62587,40182,5828,2532,3907,2625,14885,1525,2070,1197,462,9.808304e-09
476,9255,26318,11636,44589,68460,6901,2853,3589,998,2782,733,2367,12539,5420,40401,62702,84440,21290,40404,85408,48996,8.649424e-09
477,6773,3134,14038,17877,25293,16746,25711,72793,20399,2878,409,207,48,39,50,13,56,62,219,83,80,5.1862856e-09
482,152,1469,474,1199,2024,8112,7935,71026,28821,3412,6034,20448,47889,5877,9197,14680,78435,41620,13656,8761,1000,7.316351e-09
483,34540,21567,60406,15658,94863,12126,6147,17537,46929,6877,2016,2019,2614,311,65,53,32,69,24,162,196,9.17129e-09
486,201,495,3450,21743,2986,7901,6783,23380,6999,11688,91061,41368,4973,10093,15647,10794,39013,12153,12724,38636,11691,5.5545257e-09
496,7868,64074,63192,25083,4298,3115,10454,60600,18495,12067,9145,1240,530,1816,1245,2189,683,309,2823,549,656,4.524644e-09
499,80248,40426,12658,18102,13320,32888,3677,5467,7004,1592,5170,7114,46933,80423,10365,21431,34372,48835,18267,23107,22231,8.481009e-09
501,30093,5501,36660,3925,21363,97790,47715,10783,5071,28596,61342,9431,1276,155,348,905,637,161,91,17,36,6.219683e-09
503,108,322,1151,434,1478,1630,13833,2483,14539,34985,20816,72528,85501,39841,65728,24351,45403,28234,69767,8421,16539,4.1729202e-09
514,33062,19219,24238,36402,50115,17306,4386,27247,18383,2032,4721,8354,1054,5196,2944,19650,46270,13439,18632,94462,18553,6.020756e-09
516,22046,2427,20440,17938,5827,11435,15213,22207,6657,13348,3569,504,120,35,30,54,253,214,25,65,59,1.6566277e-09
518,16920,38090,59548,26868,53525,12414,51535,22337,4236,30817,6061,3266,5832,17643,92179,43180,12859,62911,86835,39376,59036,6.691101e-09
519,5845,1841,6029,20257,22833,60317,15866,36472,18697,10498,7890,1531,383,3025,5039,1780,707,238,301,148,403,2.9502036e-09
525,10328,2438,1549,7700,57250,75376,98888,73368,9294,44220,29134,16100,15353,2584,757,195,275,1573,764,2029,670,4.526721e-09
527,1050,7056,43852,74127,52716,29531,4766,46362,88273,24476,27845,66026,30862,3791,12505,63462,25432,87162,27190,3357,26358,8.35936e-09
531,12910,60762,12152,42894,38405,3877,26754,10777,7237,757,77,182,446,267,104,43,24,21,26,85,15,8.226454e-09
533,3665,419,2249,5556,2702,2190,3906,7934,1599,5273,17207,15060,13065,19411,7924,12499,14484,70247,38388,16302,30970,9.180696e-09
535,72729,49172,54153,11499,48835,82928,33157,48397,16714,3001,4555,9496,19389,5928,5219,1295,230,240,62,15,89,4.1626134e-09
536,27420,25010,64306,6463,52441,5335,26411,6047,18595,9295,50164,91429,17590,90415,21793,4274,6694,13776,6546,43132,13790,2.3242874e-09
537,89124,43191,38921,28763,8536,71322,70749,24469,5643,9037,4150,20678,9069,5443,14925,21594,19473,84941,22571,61980,28539,1.7122825e-09
538,6333,50451,37910,88664,98784,26807,29343,17903,3604,1955,3194,358,110,272,1587,1384,10085,57673,69935,8913,2534,5.1335927e-09
543,37182,7618,43289,9576,53732,42373,64766,48047,49149,81076,59273,81452,56475,13110,2663,2092,618,502,166,52,490,7.550115e-09
544,66821,54298,16710,2960,386,451,2107,13799,44830,14491,60850,65328,13051,33848,13286,4379,23034,9697,7358,766,100,8.859718e-09
550,50,183,933,1913,878,5827,5438,4596,3555,2549,16702,44411,7545,42405,46952,97470,10648,4987,20640,3386,10924,5.190969e-09
551,3184,3762,20111,6959,2406,19708,25165,21277,52289,44420,8870,31432,9158,3996,12787,21948,28588,54064,6713,3901,2682,4.2462642e-09
553,3376,26774,16448,36375,35119,75358,88525,39125,39588,6776,66478,9598,4445,942,434,1345,1680,13500,79927,15231,38956,8.956328e-09
566,63247,25796,4075,34092,25481,26365,40305,93688,60471,33554,77385,30358,57638,8686,1594,4425,2000,9026,28549,37685,76851,2.079823e-09
572,7247,1949,5534,31930,3687,7359,25604,25139,85420,61781,17106,51064,6524,1576,234,1042,9884,1052,439,566,3785,1.1430932e-09
573,22252,6062,41692,4966,15729,75763,18175,2258,4707,46750,5992,57488,24801,4310,18354,8856,3425,1261,1565,560,160,5.766291e-09
582,5968,869,1282,1028,9766,46503,61023,8825,46209,93038,59361,20178,25214,44644,21704,65481,18141,17407,2741,2550,1134,8.733123e-09
591,29602,4773,6941,11815,2621,15222,2219,17137,3435,5291,21660,9103,21126,13837,19809,2208,1137,2077,2386,2747,439,6.4457057e-09
600,33748,4499,5008,5351,13045,1615,7082,1928,859,8557,11369,7728,11503,1863,6027,58744,18785,47951,34997,59707,57045,5.692089e-09
601,39580,19262,7354,21788,6442,2481,11276,10530,16428,9071,1251,5358,4143,18071,13435,20704,75751,14086,19307,4948,3131,6.004077e-09
605,4053,11330,7733,20618,88797,14362,37878,10341,3715,699,100,113,35,110,15,98,54,17,175,116,508,4.742728e-09
607,2759,639,1986,2748,2426,8445,4384,2360,15794,4068,3987,16648,18370,59484,21559,11378,1368,337,643,285,1522,4.196547e-09
615,1053,3240,20213,18659,37334,16201,32765,20583,49204,65359,21369,3549,10949,5956,616,1008,8397,1172,2842,10596,49537,1.2554825e-09
619,72,426,1416,5485,45605,10474,16246,4964,15532,86400,13426,27237,7487,1640,355,1273,4136,17742,4401,2178,970,6.244481e-09
620,519,340,1262,5143,23529,10050,8305,8167,11412,10619,15362,41149,5657,698,666,2344,11428,6259,23201,20168,41857,9.57676e-09
624,3446,15263,9009,2737,19351,37247,6879,8928,1462,10324,24036,37262,39039,41646,84533,56775,22257,2586,425,134,171,3.0198537e-09
633,21574,12505,2392,20878,34909,4805,30601,59617,37047,10951,1653,3441,15814,82317,13313,62213,11492,3636,1167,1991,819,5.1363065e-09
635,24676,98194,13884,12209,19093,32061,3564,9438,64525,89618,15487,40455,59470,35333,4467,26585,19228,25098,22285,8490,76503,7.683547e-09
640,2777,19953,26028,39052,15999,9608,74063,30107,10073,3520,8603,2355,2618,873,159,593,456,1398,1987,13672,54279,9.1657e-09
641,10057,37756,13361,1700,3693,2537,21478,19235,37528,4327,12293,34920,60152,7195,1872,13902,45775,5275,716,1250,3128,8.855587e-09
649,62382,10901,25867,41228,8287,3372,6112,22673,3775,701,1179,1218,7570,1047,3044,3827,772,883,929,378,107,9.203096e-09
650,165,555,1321,8294,11263,11335,19004,54436,25419,12789,9626,1517,4235,18461,10931,11532,3663,2194,469,1550,2242,8.433874e-09
651,5011,7249,60601,51009,17630,8834,13325,92806,19395,31428,4506,848,173,425,167,329,130,268,173,871,544,9.618996e-09
656,932,231,794,1830,3748,19775,52352,19507,82375,10125,14450,15897,32094,4642,1035,3922,1192,2304,8367,4081,38149,5.115701e-09
658,4917,1026,9770,62603,54517,30576,59727,71723,7248,18355,4389,835,1859,14991,8347,23122,9440,6560,9325,20772,2089,2.6286904e-09
659,97649,66105,76703,36355,6618,39446,95438,9692,1120,395,1092,8511,1804,677,372,418,90,129,541,179,48,3.819603e-09
661,226,782,3205,638,4792,7006,30643,42366,15924,4837,27539,3248,16671,13167,17672,87056,38115,26574,2870,5504,25243,4.380688e-09
669,16381,37473,14266,5159,4311,797,958,1014,6041,6096,3385,5320,50360,87819,9718,26517,29273,5721,3631,2792,4970,5.2076063e-09
673,86675,13625,4725,36761,44626,50456,15013,2860,972,751,76,29,184,71,94,30,67,254,774,258,89,3.3773842e-09
674,955,2352,858,4632,42050,18912,71603,45518,10593,4951,14364,46883,21661,79026,13795,22650,2963,5452,10904,36447,14910,7.888662e-09
677,61646,6166,1275,2135,20009,54094,13461,7030,63817,72967,70500,45130,50825,6707,1567,995,290,606,69,32,276,8.5726075e-09
681,45972,28758,16095,56536,12940,26714,7346,4885,2716,4285,19447,13822,16781,11268,40082,63736,9730,1424,2123,18138,28979,3.0680716e-09
685,29242,14269,4443,15917,1840,13402,27860,3200,11538,5417,1909,884,174,55,194,1791,596,142,389,483,155,5.680731e-09
690,31441,9243,75525,8312,6102,1364,1543,510,1306,10094,15573,3013,5096,43552,83828,19832,58183,14682,3330,17239,28609,9.044738e-09
696,91981,65875,34718,33909,26738,26023,10978,23056,4600,5853,49941,54765,26744,10426,43426,45089,5464,7776,54856,36580,9026,4.90153e-09
708,15496,67089,52419,7471,7161,4226,34963,3919,2444,1139,952,554,2804,24921,95940,41723,26766,41655,80796,10871,87800,4.134534e-09
710,39204,58069,47719,21415,12786,15512,13590,2201,625,4681,7752,1948,1678,356,84,20,13,14,10,73,22,5.6982574e-09
721,3944,30370,80926,63021,26496,10690,4512,2334,14344,94472,59971,29687,3524,3950,491,1528,1495,5515,1363,9497,67958,8.1604945e-09
733,44151,13448,10408,38257,28679,64559,54349,73326,82293,37739,76731,11115,2953,654,1464,360,578,348,88,87,680,2.219101e-09
750,35530,65907,76696,34135,10676,30069,37812,69724,66036,63611,16166,95395,23452,12237,1322,178,91,18,23,37,47,3.2130067e-09
757,10221,15742,80456,41091,8926,21539,9346,2219,4442,39714,17151,2930,21241,64748,32439,17817,2904,400,1722,13585,4908,4.1093067e-09
763,47379,34805,95491,34758,17925,11250,9342,57045,94971,97479,63843,36582,96515,23039,4721,10191,1031,123,14,37,12,3.80534e-09
766,98355,42988,19668,73280,17686,5153,37457,11802,13139,15107,11053,2742,14923,2617,2542,15982,19583,16651,84122,48029,32583,9.874583e-09
782,17382,31101,10759,73835,25968,15427,5116,3631,2036,2265,4904,4835,680,2319,255,1999,2023,17564,42712,9402,6476,1.2820176e-09
785,72061,11557,48852,20825,8646,45582,7903,11424,6736,5372,4127,2774,9013,14018,2378,463,73,49,10,77,61,3.8458965e-09
787,4712,22429,80108,9442,25004,68507,7619,3838,1068,2084,14198,14231,5807,25697,13763,29558,20463,15355,3087,12721,50682,3.1206842e-09
788,6749,20930,11823,10018,5986,9966,7742,10490,2716,371,2129,503,304,545,158,221,32,12,16,54,54,8.743887e-09
790,41514,51156,58399,66334,48693,6463,6868,5413,562,4147,874,1995,8212,8914,8033,5204,35241,4754,4373,745,79,5.8256098e-09
791,13948,4231,1537,2052,4057,8833,53670,39107,18629,17071,9976,44193,8472,18775,2623,1680,12157,6016,740,5956,1555,4.86683e-09
794,6072,11012,61371,65830,99790,24931,18438,2317,1505,683,2076,1693,177,1709,661,408,295,30,104,846,2143,7.68745e-09
796,810,3869,3362,18318,17347,61671,50079,97532,84673,77101,34203,11145,4183,1058,1239,529,238,1924,3080,2650,10183,7.759411e-09
806,80762,29515,3931,2566,14559,14712,7252,5830,8849,46612,23151,3365,908,486,115,167,154,34,151,685,6175,9.316573e-09
810,20288,10174,58556,29819,46585,12891,3013,481,2955,8065,4512,18487,5428,11798,29650,5145,22864,13834,30870,29201,7177,9.809212e-09
812,935,5708,20184,96989,11692,4664,40074,15952,8188,1019,1585,5041,25668,7906,5516,8697,11332,2706,20516,2398,508,5.5216396e-09
815,1843,6655,56944,65826,38402,31341,32634,13189,3664,3506,34519,41009,38160,4788,1285,5961,20160,32716,70806,91920,12043,7.1351574e-09
817,651,1147,4759,14641,9767,12335,14361,6540,12410,27961,3960,29697,98333,10344,6234,4301,1949,2712,723,529,4744,2.749582e-09
824,6517,46608,36460,26569,11246,12321,6171,9743,6628,39542,16606,4269,8430,1206,10816,1304,1070,7773,58431,78865,94546,3.3475347e-09
829,46121,30824,3528,9263,33536,35993,12669,11315,18737,19902,2804,2952,364,57,347,229,688,834,140,15,103,2.828603e-09
832,14604,13243,5083,9174,23485,14676,7235,61962,7713,49199,43893,10870,4094,1016,522,1444,1807,3114,5465,1069,1324,7.768968e-09
834,2406,1022,544,1049,5501,18135,10123,72977,49805,56679,11145,4252,13968,1574,1074,2321,8538,4526,1159,2858,350,6.1425505e-09
835,8340,45078,6132,16844,28951,3473,1726,12018,7971,11716,1506,2875,5941,824,2653,7676,10434,80672,51384,5883,7754,3.6124028e-09
836,40352,55742,21869,24515,23169,59466,49414,58178,10566,27344,66022,6639,4195,921,5751,6508,690,228,204,313,140,1.1958725e-09
843,14053,49860,7790,25136,97824,9928,16600,71695,13811,18513,16507,2666,3505,670,382,185,20,80,427,51,413,1.25797e-09
845,11757,15926,19010,47893,30632,22997,32620,23438,3702,6719,8594,20678,5128,1775,8885,2217,4749,9185,3049,1339,948,6.5311268e-09
849,72888,44566,48442,71319,15060,21716,4635,1563,1515,6129,31955,6840,37742,4432,1294,408,2345,2411,18664,9652,10483,9.942803e-09
857,66011,24704,4844,37534,7493,4914,47444,23433,29242,7027,44917,9791,3498,5200,2059,718,1981,6839,8190,4541,548,9.062802e-09
861,976,1144,1592,8382,9726,62731,15633,15009,1686,5513,10182,16429,13478,93212,62068,34687,5939,24723,37711,7778,63718,4.9120485e-09
862,9345,26023,21837,23310,39508,22710,24524,8447,1257,12018,3223,2329,9654,46051,36602,16030,93425,9436,16722,2099,575,4.292273e-09
863,18913,7422,1773,1509,4815,1198,11937,50641,18830,16996,6580,23657,4571,660,78,30,23,10,25,195,181,3.080558e-09
867,8878,47630,52501,31357,8150,8115,3919,30167,3569,500,531,123,350,92,138,274,81,14,58,62,169,8.348331e-09
871,178,810,919,2183,16805,15176,90738,37045,8144,73639,25279,4073,13006,5694,33618,29142,14482,3691,955,196,260,9.523483e-09
876,537,1346,667,3162,12540,17786,4746,44253,4514,37905,4405,30153,14585,15958,7288,6368,1426,606,4886,489,1109,6.856118e-09
877,13165,20988,81806,14332,74858,85648,47822,20463,35738,4709,1407,1375,339,180,88,10,10,33,326,34,287,1.5930155e-09
878,9903,11067,16046,2213,1063,5671,11649,16948,20518,2431,7114,22606,24287,42231,12339,83797,83058,49475,62750,25954,7016,1.0409761e-09
880,12490,16739,9454,10944,29969,91513,34760,8939,13325,55976,57517,5843,30403,56708,22462,58140,45484,79922,71575,40176,37115,7.057036e-09
881,48109,9531,20837,24363,46704,71881,50541,18450,18597,9868,1795,204,192,136,23,95,418,360,3269,1400,2213,4.402719e-09
885,12786,33471,56866,73381,8140,8025,32386,35757,48715,32475,8569,2789,5045,50362,6953,1671,12030,6513,53401,76031,8230,8.1412e-09
888,6548,14119,13085,1621,3441,24135,51796,16625,6363,11880,22161,12271,2170,18041,1981,503,3271,29652,65674,78777,11293,5.3273745e-09
891,31712,58211,15508,39531,15856,67968,8309,11181,4175,8656,75560,12617,11711,3027,590,372,2818,9948,8369,8991,35833,9.9141815e-09
900,8310,17432,9744,61255,45450,11173,4111,21189,58160,5961,2547,433,415,2530,3925,16780,93623,42654,7271,11515,14725,2.5221016e-09
901,12838,1598,565,1248,6131,24158,14460,7122,18914,66992,15945,2864,18111,2672,1467,552,155,1242,194,584,131,9.706868e-09
902,1605,8154,14117,43787,44680,94060,52568,15533,20804,16613,2657,13203,19070,17907,36275,22383,9495,1351,2875,1466,3143,2.896245e-09
907,29155,23664,12291,20805,15343,7022,1463,10432,3244,21769,12896,18842,5840,25866,9080,82707,23425,35096,7971,35676,6095,7.521323e-09
909,3155,24575,42510,14566,41188,62225,31174,6918,56767,49345,34720,10430,25771,7240,40629,34231,11473,46954,56247,23458,14034,8.8895025e-09
910,13404,86373,62154,52457,48244,81268,88632,14179,38489,8015,4113,1006,617,99,11,33,51,16,155,51,31,7.428435e-09
917,17891,22357,2792,6799,896,4379,30194,23035,10327,1917,7892,51540,52882,22841,7120,2779,550,1120,1376,1050,1185,6.757171e-09
922,10527,2066,6071,8902,27253,61924,16477,61435,34493,6380,2700,394,83,16,64,89,15,35,15,91,281,4.6901674e-09
926,7403,32744,3656,377,2151,3042,9827,92036,22167,2450,21443,2412,1978,2451,5506,35742,43912,7320,17548,2578,20072,7.2200352e-09
933,3967,5015,2338,3007,13718,31246,4154,39640,55263,14114,39846,19065,2742,22163,69644,97049,61130,51086,21184,39960,24896,8.494866e-09
935,3266,3091,10068,29638,3474,11102,29635,22809,93914,25551,8280,9129,7449,2974,11506,1394,599,134,353,70,87,9.792298e-09
940,29443,4204,6933,16052,20605,16448,40892,80457,19210,9131,69188,11223,41389,27351,76453,24179,6361,9938,3274,5448,26384,6.236413e-09
941,24314,68605,13619,98753,95427,98045,54540,73562,9925,1043,125,494,4785,1278,395,1124,213,102,123,203,1329,7.3309026e-09
944,23048,64817,46065,48134,47039,8043,51407,21029,9765,3893,12162,6562,1432,3004,7229,10026,55460,29150,5663,6283,6805,7.813277e-09
954,2609,263,2296,21197,46496,19464,22240,4364,1259,1439,8487,44497,63069,81419,11854,62533,52086,8919,1211,2698,2063,1.7234738e-09
958,1987,1052,901,2233,11766,5618,42147,42160,49565,96439,68389,47689,5676,1345,425,343,1567,157,182,209,459,4.23864e-09
960,14089,6583,10783,41278,38700,59831,8253,12955,93025,14060,14126,12320,9818,4220,584,64,85,30,114,249,453,8.544721e-09
964,1334,239,654,3316,27455,78570,76228,78890,26605,78704,78963,17753,15473,11095,2862,1094,794,313,38,268,185,3.0133287e-09
965,95,307,608,5015,43571,10711,50129,86928,10011,5917,34128,15128,34212,81207,10821,30038,8746,2674,6906,924,708,4.7896256e-09
966,6279,3168,1291,2893,629,5968,1856,907,7343,1589,6353,62859,27460,32183,32623,5973,1581,192,988,202,514,3.890107e-09
968,269,1400,1818,12683,51316,97620,53881,26202,11319,99171,10265,1731,6969,3084,5815,1477,288,1636,5409,876,104,9.805397e-09
974,1273,2094,15581,7877,22977,11114,1544,7202,27201,10218,1972,3317,1398,1714,14304,18352,51684,19484,3633,391,64,5.5849525e-09
980,2928,18520,13512,21309,42372,28626,60174,50478,6009,19222,10325,12014,36034,18810,5175,16999,1850,10682,88227,8929,64885,3.23702e-09
986,9123,3128,3893,29996,4513,6881,4447,11593,40238,81027,75126,68209,15011,4007,14514,67734,78150,69979,40589,6285,1331,8.226144e-09
990,2404,5159,6599,9060,3031,19359,77680,86597,46482,9925,7616,6760,4215,1773,257,31,223,978,387,142,48,1.3094201e-09
998,28179,85504,19797,41781,18951,23660,22372,39308,51821,39529,17789,1873,468,1205,185,473,1386,4294,1815,324,167,7.630931e-09
999,22636,68172,98191,52926,6367,2293,4446,11867,3646,1202,2664,1694,1516,8161,4714,7648,839,390,995,278,191,9.62934e-09
1000,15657,49801,49107,81507,19612,4593,6444,22885,11870,7755,1288,2872,785,300,870,5179,3136,12726,88560,26247,32648,1.1387598e-09
1001,59,199,620,6053,13411,8114,47035,26105,16463,11898,73007,20403,39352,28705,9805,17466,40815,33992,69620,14713,3500,1.9876827e-09
1004,3436,16312,5112,6067,1164,1511,1561,1604,6954,62275,14490,16262,3110,11583,19615,32518,29164,34329,8732,13130,1829,2.2376287e-09
1005,11540,1598,1632,7004,23667,28709,28683,90554,16253,10709,5922,3676,2985,1407,208,394,195,1097,555,215,704,3.147746e-09
1009,90142,9533,49611,21753,66712,9653,24698,2726,696,2034,1497,2566,1883,18231,20345,31076,28283,90541,17277,22220,17199,1.1414913e-09
1014,3014,8952,6761,3968,18135,7800,20752,51513,79947,16112,41358,22445,11545,10687,2133,1827,13233,1691,805,263,65,7.808172e-09
1017,454,1956,5980,1149,9437,12686,34482,93748,81767,12673,70532,15547,38383,67878,67230,49180,62317,13430,44888,6634,22095,7.0501396e-09
1020,313,458,1801,11427,1685,1826,10049,3330,2761,13841,26224,24458,6126,4801,12575,7818,15902,8573,21079,15073,1624,4.126313e-09
1022,8414,68460,24690,12189,29744,31042,4879,11269,95011,95734,14847,69369,21281,59488,24389,21544,9740,2533,12809,2261,7203,1.1357798e-09
1030,4384,7468,3160,5123,13556,86849,98552,15197,11309,6516,1719,1814,5180,34012,4435,2699,13450,23184,3399,1903,517,1.4156061e-09
1041,12064,6137,1758,870,8624,31700,25340,47746,80266,32976,11648,19282,2054,2779,3253,28640,7205,45499,5766,44661,15704,9.283929e-09
1042,55040,7003,27512,7770,29947,16401,9014,15064,65910,61912,9427,2037,324,160,364,81,234,903,676,2259,1008,7.3660438e-09
1050,85610,48051,18766,67418,33267,7215,30803,10716,51877,58849,7645,8736,7402,14860,3369,3450,22573,44428,9225,2405,5167,6.061642e-09
1054,12158,2425,20533,84708,33778,14994,66023,39862,18834,23469,16094,3386,4336,650,492,2584,870,1163,1875,733,161,6.292373e-09
1058,19540,71840,73792,82697,16525,4479,30308,24576,52728,33404,41220,26335,22812,2573,288,70,48,111,75,15,58,9.213873e-09
1061,50803,38032,27290,5015,14290,94533,13043,7350,21988,16396,52395,8001,8334,6819,8504,45216,13520,96894,15001,1825,6710,3.2921617e-09
1062,21155,30644,44446,46196,34532,16121,5019,8591,1967,9714,7647,2517,11195,1157,189,24,63,21,14,67,73,8.596076e-09
1064,9161,2652,9875,80326,21602,5158,19925,6189,24413,3732,497,797,978,241,2147,230,93,10,81,515,724,8.856972e-09
1066,3190,1340,6339,945,2545,1273,10896,7690,6133,60860,30011,11372,1262,4970,4999,1731,8105,40223,13847,37761,6061,3.9104857e-09
1078,35876,76963,77069,34785,9815,5698,3039,6786,8440,948,3880,3725,610,2243,264,1939,18811,18650,4134,19627,3070,2.4425315e-09
1081,3017,4043,433,3170,17825,17189,89544,14998,4577,21303,2579,872,488,671,6296,10415,25917,2595,3097,29617,4359,5.4019083e-09
1086,12095,18870,37982,69965,31390,40177,45947,30529,12439,1856,639,660,98,175,50,123,45,33,228,258,460,9.990116e-09
1095,35808,48248,19501,3473,6405,14486,29482,3998,11416,99672,18078,14291,14082,5523,4510,1634,1218,481,111,261,63,9.497666e-09
1101,2817,19930,3415,9481,15361,43095,36534,12218,11521,1229,3389,10458,2272,1692,413,363,439,566,5580,1639,896,4.4665187e-09
1106,3668,16804,72646,18971,2259,3868,1214,1495,3170,13958,63783,93969,58657,31541,6037,7430,41454,7767,15425,11248,1788,9.759775e-09
1110,17658,27047,76562,15636,28480,15023,95059,33432,19050,20419,35381,9623,90957,19676,44023,45185,92063,23034,88287,17102,75986,6.621629e-09
1113,14721,25380,40775,37316,80241,93318,82169,62447,32585,46631,11198,13646,7876,25990,5954,3218,2324,2404,4571,7797,1599,8.045481e-09
1114,18199,2918,7205,22748,46432,88768,11722,30250,10057,3023,1130,201,296,802,341,655,207,188,300,577,2412,4.533369e-09
1116,2302,11292,9536,29642,4780,35307,23478,48789,5887,1050,593,2012,6012,25719,34214,26976,3534,14536,1812,923,133,2.9357463e-09
1122,21043,21420,3561,5025,17387,5671,9238,14186,1602,1568,861,149,294,352,505,155,192,571,717,155,753,6.9505846e-09
1129,50214,7122,46444,5385,12634,5364,29207,2974,10720,7734,1090,1525,8066,30093,19113,13767,16043,8246,57920,21627,7469,7.3013635e-09
1141,48249,26536,4349,2141,11803,15533,20674,40601,7278,5153,1433,2405,22771,17648,2055,1233,137,64,478,395,593,9.706139e-09
1142,21450,8328,7991,34590,59959,10820,9173,27702,38867,32187,9907,2898,4062,4776,2433,679,82,27,158,23,73,8.172532e-09
1160,2155,4778,1357,1350,11532,20078,58864,40519,25313,4566,8977,28319,48765,32462,3354,590,61,29,245,333,52,2.143173e-09
1163,11064,30598,7131,4865,6954,19997,17236,82286,55475,38499,13641,85733,75874,35258,4007,17048,6130,1484,415,2370,3441,4.751072e-09
1168,5823,9235,8500,29633,7269,1930,6123,10522,35052,7596,44220,42262,9860,66705,33708,68228,38240,7341,21829,5340,5370,4.1913797e-09
1172,7446,3132,12340,75850,94133,12383,1943,3021,11025,15791,5291,8551,9695,14124,2998,17071,78379,11691,1242,1668,536,1.2825637e-09
1175,42939,5349,4840,34948,36895,77657,20367,7568,1584,10022,7333,63432,18639,30450,18375,2317,931,1129,8424,40462,6856,6.496368e-09
1178,1719,2752,11248,85566,99113,11043,12372,12338,11005,21687,91455,14575,7849,6653,2128,231,99,308,185,64,13,5.5907545e-09
1187,20555,20670,18308,12249,69275,39212,10698,60256,6641,61885,30345,67778,10922,11908,70476,61313,6898,43208,6519,19066,80407,3.9346366e-09
1191,17019,52840,24871,36738,30153,39940,21452,5770,612,478,1646,3968,9400,9547,90669,23709,85153,44583,24387,4807,871,4.8538102e-09
1192,2525,19944,25390,8056,65381,16160,7710,2334,5153,3852,4148,3934,4678,15023,11097,10425,8427,33254,5030,896,2664,8.059296e-09
1193,27227,17066,8570,24540,39421,80600,60428,35784,15633,8193,2314,4251,8256,49370,16945,16943,1940,6433,2298,340,81,4.709293e-09
1194,84685,22560,6759,6725,16776,2711,8690,16774,2360,12824,24633,60452,9546,4157,2548,1438,11916,6620,25294,39162,5923,8.807943e-09
1196,40200,8709,84427,68667,7364,37313,3994,1729,14663,8670,2194,16707,8334,8174,78458,18615,94340,22970,59955,41951,21291,3.6257077e-09
1197,62351,6714,10228,3554,34193,61771,35360,6599,4519,576,780,393,437,2532,23744,8258,11887,6400,5202,996,138,2.7535145e-09
1202,480,2233,18253,9976,17125,5318,51740,21170,77282,55313,34314,4156,17469,34992,40312,14610,23604,29432,74587,25462,48019,4.7769273e-09
1203,18183,4148,10930,3482,3919,35404,29967,47316,14080,8565,6560,4163,804,374,336,1924,16810,25536,4302,5088,1167,3.4804466e-09
1207,382,896,2721,8286,24423,20895,9328,7283,4502,24067,24471,62148,8795,23364,10516,9383,6033,43587,14421,20100,5258,6.231651e-09
1210,35888,55881,42363,16835,9208,29366,32417,7026,6923,10889,20447,92987,28137,71692,23795,10047,3121,1322,473,2158,2271,6.975913e-09
1213,22808,25900,78603,69407,33151,14149,20357,28036,10546,11848,6804,2916,727,823,3194,461,98,183,33,81,12,4.8683324e-09
1220,76062,32556,25280,4173,27125,73833,70040,68497,22606,8193,3526,20205,31738,31896,16082,71802,90925,12122,20307,13713,71241,5.5563554e-09
1223,71127,46340,13409,90369,11781,4819,2128,16996,85060,13759,1779,2456,19244,3411,11250,4690,23564,29089,3929,9269,15976,6.3824226e-09
1228,75544,8463,47222,31290,7403,59356,69355,21246,7524,2951,28703,73907,64758,22567,5435,6257,4205,16699,3227,1507,1389,6.6306214e-09
1229,2232,6798,10527,56296,12108,66478,67936,9299,10767,2702,13165,2698,647,78,24,86,12,13,114,256,47,2.4806521e-09
1230,24246,4344,12025,52988,38699,35757,8605,28610,46235,5717,812,4466,8165,18398,4567,26342,3429,498,889,174,86,5.377904e-09
1233,5638,4724,15914,31856,48703,6250,2480,2525,24835,2955,6618,5107,6903,796,176,179,955,346,454,1960,349,6.5782664e-09
1235,5823,15319,9083,9334,4926,7677,6640,1369,573,1811,4865,17273,99287,16238,10709,7783,16271,1738,4425,16254,7978,9.770005e-09
1236,12167,81176,94766,13009,3612,1925,14851,86919,22693,29668,33592,92299,69794,53816,86700,11330,18941,85610,22709,55615,24517,8.638994e-09
1238,46801,21471,10728,1724,3313,4815,3205,31413,16087,23615,30938,4573,5471,909,100,718,173,33,49,18,12,8.3762535e-09
1243,95898,57074,15617,4747,28301,11785,12030,30937,4057,5067,7838,24272,3444,3238,13880,9945,16679,24034,3333,3610,18902,3.596449e-09
1246,9613,20477,25413,4487,1368,12241,91765,63122,74614,14310,3588,21553,44323,5483,8911,1091,230,158,1226,224,559,8.537917e-09
1250,3897,9701,10526,71490,86057,16388,7626,28666,4782,15510,1630,10232,3848,10031,96546,13402,3078,7060,15996,84787,73928,7.557359e-09
1257,110,239,1106,3313,2053,18338,5722,5176,46007,59039,7613,12468,5170,16017,59334,61000,10901,4597,1067,9270,41569,9.309099e-09
1259,66290,7542,61706,12126,1637,6203,903,489,4330,16167,72594,19422,64604,70829,55471,9569,1118,504,2189,555,138,6.9779134e-09
1268,10706,7307,27262,42528,9638,1130,6577,17855,2071,1254,5233,41880,14151,1720,1079,691,967,1170,180,169,604,7.7697075e-09
1269,77690,24825,5666,16340,5432,3572,11494,95492,10206,26361,69824,18335,62222,46309,34106,74586,22499,31430,9928,2693,20279,8.846382e-09
1275,21193,15808,2542,3556,22754,31233,4164,3367,3116,16948,41734,11296,3272,4013,12889,2608,503,3107,2186,335,1881,7.773525e-09
1276,26469,80185,8174,29017,31084,29996,19260,19671,3797,11527,24223,41851,42152,9075,54020,6564,1427,4046,22407,10929,13693,7.1486457e-09
1278,1334,2590,755,4478,1103,8170,39628,7077,3084,18031,14596,71685,41350,66645,76190,64902,43679,75869,38902,5630,3776,2.5950877e-09
1286,6233,3414,3930,1358,5790,24186,5175,12424,34189,90260,11657,10506,55531,18095,33531,4209,4469,510,60,91,20,3.9455794e-09
1296,4138,3405,342,871,4453,3015,5320,13078,14738,89962,31114,4628,6022,27038,62248,46858,55967,46826,31645,18009,99224,2.0086275e-09
1298,5091,11579,47345,12533,67253,30815,9603,9599,14394,2054,18931,5202,8809,1634,1003,1081,397,46,54,72,17,3.0158773e-09
1307,17729,11004,41681,77249,34525,14564,9079,71806,8216,62323,73219,66508,61888,9034,1546,1211,549,467,344,2035,2630,3.4055132e-09
1313,153,254,481,1556,2704,4589,37753,11698,95071,11555,44469,9786,30703,15146,71051,66215,66432,21656,22979,20700,21544,8.635294e-09
1317,196,903,5717,4267,7445,20647,6151,4539,45061,5834,2225,4504,3602,13521,3663,3885,24567,9476,8903,12246,6384,5.5162013e-09
1324,139,237,292,1506,9529,66748,8167,27747,27340,10014,78167,52813,5838,17548,3303,2196,2960,565,285,151,29,2.7290323e-09
1326,4543,19947,3524,4273,1461,5044,26623,9444,19284,31523,4943,21528,5673,635,458,1071,6874,3651,477,152,39,8.157191e-09
1329,9396,73947,23328,68567,8453,4326,2974,6924,30313,78283,14409,5533,1335,1974,1293,241,391,1002,379,88,446,6.875317e-09
1333,569,569,3453,7346,21958,18403,81961,47614,18794,3087,30070,3113,1112,4333,23810,35889,3971,21061,23522,12046,24249,3.7424432e-09
1337,43452,22002,29302,11539,44883,33792,67236,94351,17063,58921,9138,1829,5095,1089,2320,13943,34503,4139,672,409,1531,5.253188e-09
1340,15367,10029,22696,87589,64660,13851,19367,7032,19352,10086,71062,82935,28000,46193,24029,8687,69507,54562,21715,22205,35473,6.6690644e-09
1341,6337,889,475,3782,13444,1640,1687,1147,5386,1443,5393,4360,34484,90146,83741,19247,73142,31934,27695,31616,12102,6.8492927e-09
1342,629,381,613,221,716,2181,1202,10550,14628,71642,18425,72241,97540,35684,11660,9517,13394,57266,51449,26289,69585,5.042978e-09
1344,51339,20387,4516,31837,26015,30018,21552,14716,2255,4294,8030,65332,8836,3817,1556,3767,20126,8525,8186,7036,6092,3.653569e-09
1347,25657,8539,40738,14040,3340,12358,41076,10093,35660,73899,14940,1912,11357,2990,5693,1844,14778,10506,79728,19778,3436,7.966782e-09
1349,8313,1350,8033,14316,11732,4121,40844,87774,53788,16039,10168,51375,16056,4362,4139,30158,35256,56079,12577,14312,5539,5.1117346e-09
1351,46960,11905,9808,1411,3996,778,3628,17422,10925,7200,68372,91077,28352,14141,5430,25957,15716,13439,30706,4842,7505,7.956378e-09
1352,58348,37741,70575,49831,23718,51586,76624,12768,13742,4696,7607,14047,6639,2691,2485,18892,64735,36381,80579,12393,47171,5.785734e-09
1353,1089,3963,6601,15607,2181,5607,20978,49569,17137,34952,5016,4109,786,2293,10633,3880,25200,79707,17089,15648,39498,7.84686e-09
1354,8371,983,393,245,1936,530,2550,7890,5110,11474,27640,37739,98386,46918,24031,26422,13858,76856,22399,32702,7490,3.9759493e-09
1358,68822,30609,27924,35958,3724,5036,34238,85595,72129,12323,35041,7135,2585,406,3137,17599,7968,15968,13312,6396,2017,2.631797e-09
1360,16246,3293,6297,2856,428,658,4167,9010,1646,3388,20533,29515,38854,4990,6189,4352,11827,8628,12721,10827,68974,1.3613954e-09
1364,94462,19199,58724,18621,19398,19909,13859,45831,79665,15327,31380,14378,29900,5675,1820,206,46,143,143,22,114,4.1308637e-09
1368,311,2408,7305,3127,10763,56670,43391,9526,28061,3259,8677,40164,23424,13874,51532,73172,62111,15452,91187,28681,25853,3.6925347e-09
1369,21712,12136,15730,8636,8668,17297,14084,3948,24166,39794,5866,4131,413,1256,5486,27112,38848,19434,76150,8744,2856,7.2968622e-09
1375,22691,55125,7676,12958,17171,43094,7840,1365,1392,2505,14712,1842,10512,5642,5940,1035,6191,8835,8460,19399,40851,6.2618204e-09
1376,443,779,99,334,1740,1649,9458,11459,8399,42168,55164,8761,42757,5928,20286,13578,10495,10824,2139,7757,3809,4.2065857e-09
1382,619,2353,19107,21898,8172,5252,6075,3462,4655,11231,64748,7747,23112,7647,6209,2664,2372,2739,19168,56944,21695,4.1678097e-09
1384,231,379,407,1712,12645,17199,8097,34960,37994,34699,25484,27358,77973,15561,5740,4420,780,1550,11621,9125,11822,8.211961e-09
1396,7268,1699,2161,19912,73941,91762,26052,3339,16504,2037,6345,39893,30327,6544,37200,86313,50270,50577,32238,5100,1601,4.4995225e-09
1404,40689,13623,21832,78326,70357,8181,2606,5421,1809,1085,4712,2045,1106,2380,1865,13985,77006,49651,55114,72751,18711,8.972039e-09
1405,89177,82123,51360,12467,65911,26584,27663,7521,2434,1736,3279,20867,92064,48041,21716,21039,2273,12350,51365,7630,8336,5.9364633e-09
1407,852,1896,17300,2546,342,979,8474,8088,12149,23913,11214,21529,27363,18877,20347,6065,25013,52726,8956,4718,560,1.0565978e-09
1408,58142,51164,9082,13064,19230,59496,18154,4073,13515,48779,30624,9638,2072,567,1083,938,245,36,50,34,254,7.6963405e-09
1409,54874,41490,18001,31478,3730,3416,31200,4072,1811,1230,8728,5046,6496,710,78,684,348,283,2698,5518,566,1.817865e-09
1410,75549,9951,9961,73669,11928,7766,19842,92556,39060,93772,13020,7332,7981,2675,286,53,175,39,48,403,2034,9.490496e-09
1412,4666,1888,1267,3554,2039,20238,33952,9615,42559,26124,3659,13544,5469,5042,1817,622,5771,873,4781,10258,6042,6.785814e-09
1413,53474,80706,83778,12539,4798,9323,25871,7442,2926,10055,40885,9191,9473,7133,1895,645,1999,2886,613,370,60,4.622958e-09
1414,72633,75682,62600,26920,4180,1310,3613,9732,32573,5181,17473,2197,10299,15857,32350,42972,23345,99156,39284,18113,9315,3.560316e-09
1418,50192,17180,27829,95232,72289,9377,11913,2432,2158,1456,519,192,42,15,15,11,24,23,29,24,36,9.115881e-09
1425,86281,70884,35711,43345,56289,7633,6107,1753,7546,2560,363,342,2343,1794,689,483,4581,4639,1323,5501,680,9.153299e-09
1435,8845,1828,4254,38677,62361,34906,42793,21377,84721,62890,12482,52383,8715,4749,1124,1719,4688,1564,1504,1039,946,2.3390334e-09
1438,1178,1695,10225,5458,1695,3162,17029,26094,33987,8217,2279,13532,12280,1310,1058,6417,5081,42980,42475,10704,4073,9.727691e-09
1439,1889,2444,19357,51822,30275,95831,61411,7882,30080,99280,94118,14174,1481,1143,3498,16078,14774,11080,1141,10810,14595,4.3792454e-09
1440,63,479,4430,16775,17695,13968,87480,99933,14936,70657,35258,11735,68708,16735,1988,2695,12897,1606,9890,4340,1723,3.3976604e-09
1443,27845,27445,8328,1083,2706,10864,52445,13173,36706,73290,10298,12328,5173,743,79,90,11,34,32,123,207,3.943156e-09
1446,40113,38632,57869,36859,65062,90985,20820,12647,35610,9345,45366,5834,4995,2941,385,134,743,1084,8357,30714,13594,8.171504e-09
1457,5489,36168,54120,33608,12904,16248,9150,60514,54844,6765,5679,56537,12330,1746,5384,3148,734,84,315,666,587,2.5239872e-09
1458,88191,65893,99067,17805,43702,28779,74204,50659,98676,16447,49031,16414,45052,15684,78702,25741,68370,25747,24966,11162,22735,2.1122126e-09
1461,11957,52430,13186,17264,30937,15259,18371,6683,1637,360,1531,4146,10358,42876,20094,4591,28291,21269,41337,17097,8218,4.683257e-09
1463,171,1158,2515,2423,7235,15605,14285,6141,38963,17930,18006,34703,36191,36953,91638,11665,2782,1936,648,1423,203,3.2772838e-09
1465,1791,11073,5953,10271,14350,9048,4936,2367,1284,6994,17239,19560,5146,16934,20814,9933,6396,6888,15756,3746,14485,6.043749e-09
1475,4547,5809,16059,2947,26379,20284,2163,18581,40818,59293,10074,6628,46998,20379,39273,22853,11270,2325,4039,8618,15122,7.686016e-09
1482,32398,17665,71230,90042,90441,9941,1440,1766,6950,16737,3436,1809,985,5313,24569,79429,15746,28522,8051,11470,2352,9.454383e-09
1483,20994,8464,1950,267,1086,2842,5131,8064,1179,1635,7514,2208,17204,39843,44970,37317,13014,3081,1988,2593,23413,7.863725e-09
1484,89700,11742,26312,3659,6575,41058,17630,5827,3339,17841,68411,12130,2099,848,1559,697,2123,2617,644,1775,194,3.4550958e-09
1485,76249,97012,20807,9880,78613,11440,9397,6127,19308,84279,72907,27268,14184,93974,16801,5173,1207,4369,1807,2481,23663,3.7715973e-09
1487,4227,34587,40489,7881,4979,45197,9310,1371,10333,32685,31013,21719,10428,5816,1142,575,3088,2589,6730,3938,2499,5.6623723e-09
1489,151,241,467,2971,1842,16529,20666,13744,1553,8793,2654,11332,32856,44473,9140,65710,61774,62012,67374,22437,70087,2.8839722e-09
1494,3332,24004,4676,3309,12217,56025,26091,21272,19708,8564,3921,2243,765,6743,16929,55329,66256,12060,13563,49936,68413,3.2079015e-09
1507,87088,78541,71961,23200,7700,14416,16254,99079,13311,43575,94404,41674,11079,3193,3010,1799,658,635,911,264,449,5.5998317e-09
1508,2566,1914,931,964,7127,12260,46993,15536,25058,4976,2105,1050,1380,565,1339,382,1438,145,354,80,530,8.52254e-09
1511,27225,20583,63653,25780,10601,66078,23168,55409,77441,85914,63638,99995,20732,10749,99992,14631,4967,2227,3971,7763,4376,6.5704144e-09
1517,6328,19871,8858,71970,92913,26916,5787,2757,25534,16140,4662,1102,1554,5601,16325,59924,14718,2359,12480,76520,9616,7.858247e-09
1522,6601,5097,4055,6817,59861,8307,45278,6059,2303,22413,74228,78210,34860,3668,2134,6034,15436,1759,2894,953,1936,2.9860918e-09
1525,24609,4157,1974,8392,10408,6535,27817,39667,5903,45797,80489,8977,8221,4953,768,307,31,11,88,256,323,2.879351e-09
1529,10590,17935,43366,48543,47166,29217,9095,15982,58406,11403,5611,1153,3665,911,505,152,714,6456,4029,7830,8254,9.214644e-09
1530,18801,27749,3207,13767,16865,3147,2372,3736,5276,22732,17879,4973,12844,56210,26030,11861,17603,34114,15690,3410,4381,9.701668e-09
1531,9824,6707,1206,10506,12156,84726,8499,33536,4835,1314,7245,6655,2662,577,676,74,311,36,18,41,48,3.206155e-09
1538,1623,2314,18129,2179,2561,4362,13509,80076,16778,3645,5754,1185,327,145,21,28,11,16,25,13,46,7.515562e-09
1541,452,3750,7926,49025,22706,18981,72369,99096,13827,4484,4352,2026,385,322,1498,3849,1594,2698,2844,2278,11515,4.4452264e-09
1545,594,400,138,734,4104,4134,15557,3325,10238,28053,47628,27201,59551,38698,99896,16362,14083,1527,373,1099,1249,6.1976437e-09
1552,5367,4478,2082,693,4595,11370,32270,59242,52190,58114,10290,44790,22862,8194,23495,79821,20382,43154,12153,3077,1973,5.7312466e-09
1562,248,184,680,5063,28932,92324,99297,47104,18526,2486,3966,5408,25526,64218,16950,71897,85809,39333,39614,80148,35091,6.1862044e-09
1563,1979,2379,3056,417,2532,9472,7115,8978,5260,4212,8643,3471,1518,9593,7575,9516,1010,7572,5133,5327,3514,5.646129e-09
1565,416,299,1961,829,6811,64253,50008,15424,17855,38673,6815,5621,30322,33677,7963,39068,18567,77744,26347,17572,99789,9.432226e-09
1568,510,815,2130,9883,11536,41831,25428,43437,8999,22385,25097,6310,24483,31810,41323,29492,71754,31896,26412,36338,12433,8.285399e-09
1570,591,783,485,1531,5335,4744,17215,78411,38085,32981,94305,17222,3530,1557,15006,3272,405,2562,768,7254,4326,9.95864e-09
1572,28586,11010,6785,10015,41973,12615,59599,30447,4374,14823,2079,4652,11334,1495,912,649,553,712,5802,27653,3679,5.4884564e-09
1574,15051,36540,16611,18443,2306,1452,5115,50168,15705,28168,10748,43942,28601,7408,29040,35189,72312,52059,31687,57118,54826,1.5177323e-09
1575,773,2111,13443,6983,52338,7655,42155,46972,37715,66757,18203,4296,1173,145,1433,296,881,173,233,56,37,2.3127154e-09
1579,22221,74303,49020,68450,22009,42630,65840,12700,2256,2111,16709,17809,3014,3974,21619,37377,10905,19999,12072,26375,6351,3.989052e-09
1580,298,2295,1628,1313,5239,6431,1493,9425,27929,47990,80300,92352,46251,12898,39097,8887,1225,693,143,301,173,4.088312e-09
1582,2493,9997,42424,5463,30886,27531,90619,74100,14743,1890,15376,5218,1851,3668,31478,18282,56558,9070,2041,8151,4802,1.1606112e-09
1584,1232,3582,17560,6648,26531,9103,69836,27612,8679,5314,7662,25567,70669,8147,13192,15604,1689,473,233,44,113,3.3879615e-09
1587,5226,2947,5296,46309,7324,49177,39575,39699,9753,18229,13062,1584,178,816,356,734,1487,13100,22078,64299,55784,3.7131995e-09
1592,1376,2155,1984,1011,9520,32022,68931,95192,53974,14077,13138,34464,48135,18186,4786,1030,271,947,1166,2076,351,9.44197e-09
1597,1739,3748,12780,15178,67364,13506,69136,65368,73865,37309,4589,693,561,5011,1874,3661,1575,12300,13422,15187,49074,1.1237383e-09
1604,12849,3682,1298,8305,48727,58956,22756,18644,19990,91035,31885,44290,60956,9873,12610,8592,5828,15331,26315,27565,12873,4.591964e-09
1606,10475,95405,50131,25743,41484,11984,9305,4634,6863,10261,5421,46146,9032,77459,71079,50364,53263,23505,72454,90207,42936,1.236705e-09
1608,12167,4253,2066,5004,30614,35751,11213,48679,10673,34489,28750,6598,3421,4178,37389,21380,43641,83684,31093,12357,7318,9.722362e-09
1612,8961,53599,86162,26590,6006,48437,16433,61275,51492,8420,56434,6552,7337,46334,70953,38721,11773,32405,52764,10270,40528,3.3439331e-09
1615,16853,5951,9288,4182,35960,54417,13340,6628,725,4283,20251,80655,28102,3215,9180,8950,19246,32583,27485,2806,15045,4.5130495e-09
1617,20446,48986,17537,78051,64620,25996,20539,3120,679,433,68,41,25,40,14,137,93,67,11,31,59,9.424477e-09
1625,41647,7585,2191,4922,771,617,931,3330,11799,3102,6590,17559,52363,25211,31357,25417,9144,4610,4994,1271,191,6.6179697e-09
1628,50336,80370,78384,23825,37176,71361,22469,32373,8499,1248,271,256,69,44,222,1611,6103,36476,5902,51829,20050,7.2376607e-09
1629,18954,4417,1671,1680,15219,3589,5556,4413,34559,28714,18122,22270,36668,43314,6241,1337,11837,13096,8566,46736,61604,2.7230516e-09
1630,2928,15037,5690,23488,2973,14014,11587,1451,11318,3972,6420,17821,12859,4759,16712,2762,347,87,366,65,47,2.2762756e-09
1632,15534,12076,5234,4914,19015,38081,10199,32268,3533,927,893,681,3849,592,1197,252,831,3612,22276,16380,3688,9.630345e-09
1643,942,7778,20412,12519,50722,24526,4052,25099,61055,21595,9482,11067,16841,5586,6511,53740,93753,74652,22715,4522,490,1.855712e-09
1650,315,99,172,1717,12258,15347,24224,22456,63330,81835,21694,78426,13880,3671,6627,43552,48671,9651,3655,1581,1858,1.2615786e-09
1659,891,194,460,1626,1320,11346,18330,60458,26875,42060,5489,14547,90597,14918,21309,8082,2155,4924,973,804,122,6.594895e-09
1664,1105,805,6378,17750,53339,9939,53180,25097,8688,2321,11573,2748,950,2737,4913,21712,58368,27804,13168,1607,225,1.9708744e-09
1666,4923,47587,19824,30160,9594,82766,22965,9826,12907,5866,5933,1026,5279,7786,38496,6087,3613,725,2972,6587,11269,1.2439099e-09
1674,5117,5059,735,580,661,479,1309,1410,4945,46857,48161,58935,94718,19202,31736,8299,51719,74245,38606,12680,18492,5.4143467e-09
1678,5704,19292,6138,12457,15251,29222,21293,10805,2974,6743,49795,9405,43335,4834,11317,26143,3303,330,294,413,337,6.215633e-09
1684,2598,3248,11420,26197,85710,91859,14697,4138,14495,54486,19629,2581,9687,23476,11254,29925,12267,2671,5886,2693,566,4.3706065e-09
1685,5119,48703,37334,40889,38843,41004,4118,37373,29253,5323,6518,19181,58180,17844,32339,8264,15598,18673,46639,95035,38001,6.312325e-09
1686,6463,650,456,1218,3562,15620,28070,3516,30325,25723,30775,7777,14727,2442,1174,182,32,112,922,215,1453,4.201398e-09
1688,9034,8254,21992,75426,17219,37286,88032,33999,79715,38972,28233,35848,34517,24457,3850,579,2558,943,9232,8101,4706,1.3551921e-09
1691,3195,24083,4545,559,1575,13610,94525,12470,83132,40912,13117,2304,450,2564,480,988,2667,456,344,782,354,2.2979272e-09
1692,5948,1463,2034,8202,12795,5330,18703,67795,86972,15234,30312,67421,8573,45553,93106,9493,7170,26723,5105,3893,2775,9.590205e-09
1698,1133,6632,50078,50964,79333,9253,5814,17191,10521,21050,4273,14978,55906,36004,27162,4916,12913,2664,563,283,2201,2.982787e-09
1704,93547,81417,55352,41107,37706,5698,3371,1402,2625,18451,4471,25754,21427,34198,15611,3204,4043,24791,49820,28295,2960,8.930457e-09
1705,2972,14029,86101,13694,87583,42366,35676,48932,37797,18596,28021,30229,5965,11634,1560,8726,49338,17661,4749,508,1078,5.13407e-09
1706,3689,2222,8938,8560,31555,46932,73636,34927,30935,11237,14999,4982,8669,1127,6326,21831,8904,41816,38330,12391,3266,3.5266896e-09
1708,3131,2692,4595,2537,1609,2339,20663,4124,1218,7923,36035,95391,89782,18043,10499,3480,11312,48403,7562,47061,21779,2.1897297e-09
1711,505,3535,19868,3469,2018,10546,12057,9181,85275,33824,3496,2951,8782,19885,5675,52016,6222,1462,172,180,33,2.5373934e-09
1716,486,1334,8587,17927,18869,97018,59137,84642,65117,16506,8632,36984,18213,32946,5720,20054,7513,3732,14392,2561,1681,7.858802e-09
1720,13973,46054,12308,49833,86945,66117,7652,23982,73503,49423,49965,17130,18718,9149,21860,4062,946,3226,10691,7042,16758,9.765673e-09
1729,2342,1421,5525,1951,16067,45409,24137,11912,5938,28366,18414,8124,65053,15578,10284,8575,41802,83241,16156,29962,99754,4.7759126e-09
1736,98693,11080,63682,71762,32328,29396,78035,8771,5539,17003,18999,20291,55028,87141,22484,22315,3187,20675,31439,5967,747,7.50818e-09
1740,6270,6431,22060,62336,96820,26005,32366,84220,44308,41998,4663,7809,2743,2730,21889,8880,4945,529,1696,5250,790,6.375744e-09
1741,479,1891,2061,17007,21662,76577,55303,5774,21961,68680,57080,5816,45488,6765,7178,6813,691,95,586,166,22,7.2363506e-09
1743,48265,59017,76725,17367,11136,32251,12141,18208,3910,2641,9725,3674,966,151,17,36,21,68,58,39,76,1.3466165e-09
1750,849,2492,11532,3239,2879,10571,35306,52351,62896,94528,11513,1912,485,153,766,369,774,1589,12449,17475,39217,8.393741e-09
1753,2037,3611,8038,3179,2672,2507,23039,5589,39516,87697,33763,8809,1162,2798,22635,94619,34276,13242,97291,28045,3907,5.153965e-09
1754,2439,572,2702,1737,7448,7888,63456,46454,7204,21454,2176,2523,1227,207,20,69,26,86,31,15,32,5.1940794e-09
1755,95301,25443,32501,41425,29458,56132,12890,34723,6905,1949,206,51,92,52,267,423,327,1974,909,1383,206,2.5437459e-09
1758,14203,12928,3587,6595,36379,19025,16188,85800,98723,38654,14392,26249,49976,18170,6566,34258,15218,7890,1653,3667,1089,6.1169465e-09
1762,5272,27592,88609,21146,71195,11273,13642,4582,11636,1696,2046,3188,4501,564,243,439,1317,5024,1356,1841,671,9.987887e-09
1765,24481,68170,94895,20125,5622,4646,10616,59134,55116,35164,12932,11338,4089,2307,7141,2967,359,903,579,63,64,4.8188653e-09
1775,15834,54788,37452,93291,26302,7565,38139,11325,1661,2291,715,177,865,7549,10595,37177,81977,13916,14072,78010,99575,1.0945205e-09
1783,13364,74470,88515,58249,7539,47187,64301,10618,1431,390,811,1508,12932,3775,9960,59908,41608,6935,1812,733,392,9.540133e-09
1784,5507,1175,6444,983,330,2472,3295,7210,59423,6225,5927,4751,44214,6859,12084,25358,8917,30854,34174,37828,44655,8.152615e-09
1785,7074,46331,32241,86844,19664,60340,23825,54459,64575,48077,21064,33431,48555,9849,2735,2518,6657,60053,29043,17965,13785,1.0869013e-09
1789,10452,9870,72818,36191,5769,3756,5807,10331,1278,1503,1157,5688,4296,12846,2838,9382,46374,13997,70679,10913,78552,6.6903927e-09
1791,33291,46184,82050,78520,34930,82976,9523,3955,16220,89180,12297,65744,14514,8967,11557,46323,11507,1942,1253,1176,894,3.888951e-09
1792,11737,10322,30075,12652,6787,8158,2534,9523,15851,3198,2367,1937,620,630,556,3217,6091,762,108,42,101,5.3455826e-09
1795,55825,58084,41888,19012,2855,7119,10228,51266,36365,7445,4299,6152,51546,11388,30614,83113,12001,1217,4951,20018,53477,6.875382e-09
1796,2107,7228,2311,8515,9498,60768,62646,87853,27974,4536,1023,111,250,1004,362,69,13,12,106,140,17,5.1802416e-09
1798,846,4572,3677,8450,7214,20442,28770,41839,21578,16874,91670,47944,18081,1887,2430,4279,6729,2861,1155,478,149,5.5334874e-09
1802,33813,27749,7813,8534,8102,36367,30625,28225,24412,64926,13102,17193,72886,49511,27968,9914,16546,7514,27747,9087,3156,8.946846e-09
1804,9809,32850,24770,44858,38991,5097,23988,4798,2285,4500,15416,1720,234,34,51,67,46,18,47,179,270,6.406978e-09
1810,78873,22368,4907,3872,22403,62802,24581,36077,61937,49876,55849,63348,11188,95140,81138,24110,27716,98620,96118,67324,90151,7.2998616e-09
1814,6356,2293,9253,77068,48110,35477,3969,5086,2381,3536,2586,2293,979,464,2128,316,353,120,182,113,84,9.245259e-09
1818,388,1023,3443,4234,13366,18771,12932,87330,34012,71935,37050,41734,38296,47829,5527,6471,7175,20573,5490,778,110,8.63428e-09
1819,62176,24665,45720,5648,18558,9899,19106,23183,5156,11081,57936,11570,28017,5394,1409,11432,6669,2732,356,995,8794,3.839818e-09
1822,37679,30153,21764,18577,2651,26478,68382,22828,65060,9989,7011,10266,36072,23157,2922,487,252,2385,4842,13746,25592,2.5855442e-09
1825,58230,7986,47980,18959,5525,5776,11503,66014,10103,14167,69179,84526,20523,35996,14567,97689,17987,4871,7372,821,1057,8.3168645e-09
1832,8538,69190,57566,25912,9984,62667,16843,4174,22591,2456,1586,547,1933,411,144,537,61,14,80,267,1185,8.093765e-09
1835,24770,48355,10504,38688,89443,9694,51038,6396,4200,31033,5680,2489,1655,895,2752,1949,18618,46929,18828,37788,3930,3.7644208e-09
1839,2478,24403,89692,71550,54657,93822,14826,3065,3596,4970,6166,14732,2798,11347,10141,1609,9097,2490,21615,3864,5448,7.563225e-09
1843,5624,52096,5399,20100,2808,1552,4191,2047,1107,10829,88830,16930,8463,1106,698,3701,390,497,419,2147,10620,2.3277198e-09
1844,3845,21384,5208,3036,6799,3887,8739,49451,11498,12033,1231,2086,8718,30436,14600,17293,20656,76269,16054,27340,39793,9.911896e-09
1845,8240,1008,9441,3360,20252,75429,57748,94679,19248,2402,964,767,164,21,176,27,120,268,885,1013,205,6.2519314e-09
1848,12792,5024,4751,8647,42277,38208,5792,14022,5221,715,703,1552,573,5118,44370,8313,9771,2888,1172,571,298,1.4168834e-09
1849,31759,17394,1864,3815,26752,22497,29738,5356,16159,4586,1147,337,115,174,55,10,77,73,24,33,31,5.603459e-09
1855,54779,7726,19204,4516,10238,12583,10880,37643,43510,17055,39876,6086,9383,13405,2508,22610,58848,7076,48003,14152,12893,3.2950824e-09
1856,3616,456,3156,8112,30114,17459,43932,9631,29491,7439,5966,28636,4209,795,2736,906,799,7662,7218,1310,1214,9.833708e-09
1860,85030,43640,10210,8792,32354,36955,7279,2757,6596,18000,73573,80891,12613,8207,6910,33021,6815,24138,3578,5944,4804,3.7905745e-09
1870,339,1391,7829,7137,63117,58179,42984,69116,82694,28755,3044,4066,25921,28472,8839,1300,186,79,651,6464,14458,7.652733e-09
1871,196,1632,873,4337,7177,27081,71180,63930,7395,28752,49045,9342,48004,28090,32579,5650,887,4309,2504,254,1441,2.4788052e-09
1872,3048,4338,6616,4071,11720,98546,12316,45990,18299,82419,61082,16894,66909,37315,14344,53363,86184,25705,2923,3546,26433,7.968852e-09
1873,94181,13795,1958,13913,4957,14180,1543,13675,36088,47849,6336,16846,15478,2764,10319,13066,37940,34633,63410,71686,18935,4.7617186e-09
1876,10399,3373,14937,36336,18502,6869,33573,3529,23485,40735,58608,33635,8579,49684,13874,24398,26014,97898,13389,21907,51162,9.017937e-09
1879,502,843,4742,1383,1437,4269,9033,24929,8053,79481,67540,10950,3717,542,66,34,54,11,30,32,18,7.696839e-09
1882,21754,2213,1096,4131,9419,55259,39775,4968,6857,62946,38769,4800,503,136,896,534,572,92,282,2347,1461,5.5475557e-09
1886,1094,3035,25182,38385,6236,50652,21677,70988,18288,12741,45987,5144,2044,365,1719,5392,2675,376,262,54,58,3.737124e-09
1890,38619,14286,29976,86656,23650,64773,22336,39464,11458,2819,474,148,119,671,772,2628,2061,1997,325,1239,2149,7.31863e-09
1892,35016,67937,46749,5817,4402,2940,1192,7600,16735,3868,5647,52073,61430,12903,34579,15891,8878,33326,94067,55650,86933,9.959504e-09
1893,3958,947,2607,1773,1048,1917,2160,20441,33976,40189,6965,1094,2200,7162,856,281,2354,1305,3831,12617,14790,9.457172e-09
1894,15003,66295,92730,24199,4896,9596,1499,5825,13472,44901,38601,84171,39227,84573,13722,61642,6572,32652,35875,3723,9776,1.6676382e-09
1896,59463,15219,4839,32682,70384,56881,12925,5519,838,119,946,5495,12573,57665,11267,14210,2681,2844,1683,5470,1018,1.6293031e-09
1897,2814,20486,11937,9848,50677,17973,4926,1184,8482,7085,2877,626,2218,386,46,23,99,65,17,66,10,8.393535e-09
1898,11490,45742,94169,63255,8526,57500,46432,75679,14224,16453,34212,32104,45183,34803,3702,17721,73983,28906,18813,2089,214,3.2124015e-09
1901,4279,2092,10515,1877,1165,3147,17245,65104,18595,21690,2822,1882,380,176,34,41,10,37,33,170,77,3.7129424e-09
1907,33113,15314,80021,49360,16739,2999,13059,44556,7880,18085,3327,855,3560,558,5510,13768,31701,22802,3699,16820,83684,9.023172e-09
1909,12563,16022,5366,2295,19867,16434,92394,23411,2775,635,105,178,1664,256,275,383,45,288,969,998,3093,5.3584515e-09
1914,12808,17590,45234,9242,67551,21637,41889,47588,33932,91734,50835,56690,45442,79025,42191,8679,12738,32522,81345,10128,2489,9.449281e-09
1915,13819,57571,18779,48183,26657,56427,11834,31040,12197,29747,87175,59916,20132,7992,79624,32486,36064,99803,11415,5967,25580,1.7260471e-09
1920,15220,66290,67005,8520,36386,4072,9415,7624,43857,45199,26349,27416,2928,3023,4445,6986,9846,46138,72288,24837,42711,1.3633814e-09
1924,41577,15268,69029,47846,19238,49227,81547,44869,14511,5085,2643,7894,34081,48992,56313,9077,2437,6671,11580,49968,4999,6.9115327e-09
1925,2127,3147,13450,45582,4815,1319,12702,29554,5466,34612,16236,2807,3089,462,2490,10215,11286,16906,17772,15951,58495,6.8082517e-09
1926,98907,18706,28938,17135,38338,29390,29649,18594,2292,1492,749,84,171,1160,5062,1393,151,488,58,11,31,6.0450454e-09
1928,16890,14707,1524,672,576,1013,5219,1736,9588,40706,30628,61881,10336,4736,2178,934,4812,13115,20999,2115,1100,3.851943e-09
1933,26349,3616,25364,12239,2228,10133,1488,6501,7062,12308,20930,16988,3825,4919,14838,2299,4525,8665,10737,12066,2963,4.0875436e-09
1941,1310,3937,1849,4665,1298,12349,8836,8102,870,4275,12531,67674,22239,6748,2213,1013,2034,491,332,62,85,1.7318444e-09
1943,842,6553,2523,5201,594,4836,26004,8950,10792,1958,6918,8664,17846,16181,22257,33636,20615,19502,33680,48880,13500,7.3012734e-09
1946,70504,8591,20980,88835,9570,41121,90364,28024,8357,7587,1879,7206,3036,3559,32849,16599,73796,35864,10835,6028,1235,5.84812e-09
1953,18962,31867,12765,10027,5651,2163,4548,13156,62315,13918,1733,5914,7104,39854,4669,33859,87325,37379,22156,4568,42162,8.675375e-09
1954,8432,10143,21903,11605,1714,969,735,1738,3534,17661,5161,16198,23310,34712,8549,12702,71080,39260,12553,2115,342,6.3078525e-09
1956,628,112,374,2697,15861,4740,9918,42485,97111,25208,46277,17159,7721,50867,14818,54621,11534,17936,78247,64597,16888,6.161709e-09
1962,53649,42806,12362,62367,6380,1941,11201,11864,1228,3263,1591,1193,2632,2995,15416,2216,686,2459,607,5095,1669,8.249337e-09
1970,1957,1156,2593,4065,5088,5005,6016,15979,36968,27972,98643,15870,5594,839,3636,3022,1109,1989,12542,15743,13538,9.818116e-09
1971,1706,1906,10169,32655,86434,34056,9136,67503,70706,11910,42704,40582,25511,68242,17131,8449,16385,56290,25971,48583,6745,2.6108675e-09
1987,15781,4679,4155,37065,5529,28580,22999,27789,58093,39749,8020,48476,55981,6942,13116,36939,13862,91225,81392,85397,53706,1.4866326e-09
1989,36486,83945,95220,32900,57021,24853,41765,11282,2651,17897,4402,4749,1098,644,982,5380,1003,153,32,11,55,9.502701e-09
1997,29064,19239,4506,20647,19895,11776,5963,20164,7724,12834,35362,10964,3108,2311,686,100,319,3044,497,60,372,7.2105464e-09
